img0001.png,ZINC02563881,-10.64
img0002.png,ZINC40999755,-10.23
img0003.png,ZINC40999780,-11.31
img0004.png,ZINC12370330,-9.83
img0005.png,ZINC62792826,-10.93
img0006.png,ZINC40999779,-10.37
img0007.png,ZINC40999819,-10.5
img0008.png,ZINC02563882,-10.9
img0009.png,ZINC00158876,-10.58
img0010.png,ZINC70840481,-10.64
img0011.png,ZINC70840487,-10.65
img0012.png,ZINC11568376,-10.73
img0013.png,ZINC41009958,-11.19
img0014.png,ZINC40420183,-10.31
img0015.png,ZINC70842504,-10.71
img0016.png,ZINC62606517,-10.54
img0017.png,ZINC70842507,-11.33
img0018.png,ZINC11568377,-10.6
img0019.png,ZINC52859450,-10.57
img0020.png,ZINC41009996,-10.68
img0021.png,ZINC40420367,-10.14
img0022.png,ZINC62792828,-10.54
img0023.png,ZINC35154829,-10.36
img0024.png,ZINC40999806,-10.43
img0025.png,ZINC06789277,-11.01
img0026.png,ZINC43393113,-10.61
img0027.png,ZINC70842613,-11.53
img0028.png,ZINC41010052,-10.57
img0029.png,ZINC71576075,-10.23
img0030.png,ZINC70842610,-11.29
img0031.png,ZINC40420002,-10.38
img0032.png,ZINC40999785,-11.64
img0033.png,ZINC40419387,-10.76
img0034.png,ZINC40419376,-11.15
img0035.png,ZINC40999797,-11.03
img0036.png,ZINC40999762,-11.81
img0037.png,ZINC40999555,-10.39
img0038.png,ZINC41010020,-11.16
img0039.png,ZINC41009957,-10.74
img0040.png,ZINC41010101,-10.34
img0041.png,ZINC40414411,-9.68
img0042.png,ZINC83251801,-5.89
img0043.png,ZINC40999754,-10.32
img0044.png,ZINC11956033,-10.7
img0045.png,ZINC70840108,-10.77
img0046.png,ZINC40420295,-10.02
img0047.png,ZINC70840111,-10.85
img0048.png,ZINC82639860,-10.99
img0049.png,ZINC14807384,-9.32
img0050.png,ZINC43388145,-10.19
img0051.png,ZINC40999541,-10.64
img0052.png,ZINC62606520,-9.18
img0053.png,ZINC85220201,-10.77
img0054.png,ZINC41010074,-10.97
img0055.png,ZINC62792830,-10.66
img0056.png,ZINC40999777,-11.18
img0057.png,ZINC02563892,-10.52
img0058.png,ZINC12370328,-6.68
img0059.png,ZINC87013002,-11.24
img0062.png,ZINC40999560,-10.15
img0063.png,ZINC70841123,-10.61
img0064.png,ZINC70841128,-10.33
img0065.png,ZINC41010150,-10.75
img0066.png,ZINC52859451,-9.78
img0067.png,ZINC40999543,-10.82
img0068.png,ZINC43389055,-10.43
img0069.png,ZINC40414408,-10.42
img0070.png,ZINC70842639,-11.15
img0071.png,ZINC70842633,-11.16
img0072.png,ZINC62792831,-10.1
img0073.png,ZINC41010019,-9.96
img0074.png,ZINC41010123,-10.2
img0075.png,ZINC02548373,-6.12
img0076.png,ZINC40999551,-10.4
img0077.png,ZINC90415641,-10.89
img0078.png,ZINC40999557,-11.17
img0079.png,ZINC35635876,-6.72
img0080.png,ZINC71561132,-10.49
img0081.png,ZINC67771121,-7.15
img0082.png,ZINC80803056,-11.25
img0083.png,ZINC80803060,-11.05
img0084.png,ZINC61847350,-10.26
img0085.png,ZINC40414438,-10.73
img0086.png,ZINC11568390,-11.07
img0087.png,ZINC11568391,-10.57
img0088.png,ZINC83969466,-10.39
img0089.png,ZINC43392653,-9.21
img0090.png,ZINC12370329,-5.77
img0091.png,ZINC62792832,-9.91
img0092.png,ZINC83344688,-11.2
img0093.png,ZINC62938372,-12.84
img0094.png,ZINC37425037,-6.29
img0095.png,ZINC35154785,-9.98
img0096.png,ZINC40414553,-10.21
img0097.png,ZINC61798172,-6.55
img0098.png,ZINC70842530,-11.57
img0099.png,ZINC70842525,-11.21
img0100.png,ZINC41010073,-10.07
img0101.png,ZINC41010172,-11.11
img0102.png,ZINC51596247,-10.12
img0103.png,ZINC40999578,-10.08
img0104.png,ZINC43393115,-10.45
img0105.png,ZINC00023311,-9.25
img0108.png,ZINC11850452,-10.78
img0109.png,ZINC11850453,-10.62
img0110.png,ZINC32219387,-5.97
img0111.png,ZINC11755530,-11.51
img0112.png,ZINC40999545,-10.13
img0113.png,ZINC41009983,-9.14
img0114.png,ZINC62786666,-9.67
img0115.png,ZINC70840630,-10.55
img0116.png,ZINC62606524,-10.06
img0117.png,ZINC84647979,-10.02
img0118.png,ZINC70840632,-10.81
img0119.png,ZINC40420123,-10.03
img0120.png,ZINC83344427,-10.17
img0121.png,ZINC67843499,-6.33
img0122.png,ZINC40414569,-9.67
img0123.png,ZINC40999764,-10.68
img0124.png,ZINC40999826,-11.56
img0125.png,ZINC02564312,-5.5
img0126.png,ZINC80803189,-10.58
img0127.png,ZINC52859452,-9.82
img0128.png,ZINC41010122,-10.45
img0129.png,ZINC80803190,-10.48
img0130.png,ZINC83862446,-10.74
img0131.png,ZINC62792834,-10.31
img0132.png,ZINC83862449,-10.01
img0133.png,ZINC21474150,-8.18
img0134.png,ZINC62793588,-10.72
img0135.png,ZINC40419265,-10.22
img0136.png,ZINC40419275,-9.74
img0137.png,ZINC20438875,-10.92
img0138.png,ZINC37974077,-7.26
img0139.png,ZINC41009974,-12.11
img0140.png,ZINC42390684,-7.42
img0141.png,ZINC41009963,-10.57
img0142.png,ZINC11568387,-10.5
img0143.png,ZINC11568386,-10.58
img0144.png,ZINC11568380,-10.13
img0145.png,ZINC40415674,-10.18
img0146.png,ZINC70840091,-10.74
img0147.png,ZINC70840087,-10.68
img0148.png,ZINC62606527,-10.28
img0149.png,ZINC11568379,-10.51
img0150.png,ZINC62791489,-6.62
img0151.png,ZINC87012999,-10.25
img0152.png,ZINC43388147,-9.6
img0153.png,ZINC40999571,-10.2
img0154.png,ZINC11851477,-11.02
img0155.png,ZINC52903514,-10.37
img0156.png,ZINC40414551,-9.52
img0157.png,ZINC40419378,-11.29
img0158.png,ZINC40999818,-10.92
img0159.png,ZINC55266057,-9.6
img0160.png,ZINC40999576,-10.25
img0161.png,ZINC11568388,-10.67
img0162.png,ZINC40414563,-10.15
img0163.png,ZINC40414281,-10.86
img0164.png,ZINC11568389,-9.34
img0165.png,ZINC36893374,-6.6
img0166.png,ZINC80801933,-9.11
img0167.png,ZINC80801931,-10.72
img0168.png,ZINC80803420,-10.73
img0169.png,ZINC83862482,-10.14
img0170.png,ZINC80812107,-10.28
img0171.png,ZINC80803416,-11.1
img0172.png,ZINC85220202,-10.71
img0173.png,ZINC40999539,-9.55
img0174.png,ZINC71532766,-10.25
img0175.png,ZINC42391181,-7.16
img0176.png,ZINC40418830,-9.6
img0177.png,ZINC62606528,-10.46
img0178.png,ZINC86583963,-11.45
img0179.png,ZINC86583962,-11.23
img0180.png,ZINC78975656,-6.66
img0181.png,ZINC41010171,-10.75
img0182.png,ZINC52859453,-9.69
img0183.png,ZINC53720919,-7.48
img0184.png,ZINC00166367,-6.89
img0185.png,ZINC42205322,-9.69
img0186.png,ZINC40999595,-10.14
img0187.png,ZINC80804073,-10.37
img0188.png,ZINC76784686,-11.18
img0189.png,ZINC70840494,-10.86
img0190.png,ZINC70840498,-10.55
img0191.png,ZINC76784684,-11.08
img0192.png,ZINC80804072,-11.32
img0193.png,ZINC40999585,-10.29
img0194.png,ZINC70842498,-11.22
img0195.png,ZINC41009955,-10.98
img0196.png,ZINC70842494,-10.77
img0197.png,ZINC41010042,-10.4
img0198.png,ZINC42391144,-7.59
img0199.png,ZINC43389057,-9.51
img0200.png,ZINC80803688,-10.89
img0201.png,ZINC80803687,-10.61
img0202.png,ZINC35154813,-9.17
img0203.png,ZINC70840217,-10.11
img0204.png,ZINC70840223,-10.17
img0205.png,ZINC40887222,-7.51
img0206.png,ZINC40414590,-10.27
img0207.png,ZINC04277411,-9.12
img0208.png,ZINC11568384,-9.82
img0209.png,ZINC11568385,-10.41
img0210.png,ZINC40415672,-10.11
img0211.png,ZINC70842513,-10.6
img0212.png,ZINC80804076,-11.59
img0213.png,ZINC80804079,-12.24
img0214.png,ZINC94523928,-9.94
img0215.png,ZINC62791308,-5.9
img0216.png,ZINC40999614,-9.72
img0217.png,ZINC80801860,-12.08
img0218.png,ZINC80801862,-12.03
img0219.png,ZINC43393118,-10.32
img0220.png,ZINC70842519,-10.51
img0221.png,ZINC62938455,-12.48
img0222.png,ZINC40419365,-9.57
img0223.png,ZINC40415669,-9.79
img0224.png,ZINC52859454,-10.45
img0225.png,ZINC86583991,-10.6
img0226.png,ZINC70848422,-7.1
img0227.png,ZINC40414278,-9.91
img0228.png,ZINC40999802,-10.63
img0229.png,ZINC62938388,-12.45
img0230.png,ZINC43392655,-9.65
img0231.png,ZINC70840065,-10.6
img0232.png,ZINC70840072,-10.52
img0233.png,ZINC40420181,-9.76
img0234.png,ZINC61847351,-9.3
img0239.png,ZINC11851544,-10.91
img0240.png,ZINC40999769,-12.11
img0241.png,ZINC41010003,-11.62
img0242.png,ZINC85708133,-10.2
img0243.png,ZINC88870644,-11.2
img0244.png,ZINC40999579,-8.8
img0245.png,ZINC80803245,-11.0
img0246.png,ZINC62606530,-9.94
img0247.png,ZINC00120701,-7.43
img0248.png,ZINC80812823,-11.26
img0249.png,ZINC80812817,-11.24
img0250.png,ZINC80803242,-10.79
img0251.png,ZINC36893375,-6.72
img0252.png,ZINC62793569,-6.18
img0253.png,ZINC00166364,-8.06
img0254.png,ZINC40418826,-9.56
img0255.png,ZINC51596248,-10.24
img0256.png,ZINC83942737,-5.55
img0257.png,ZINC85220180,-11.05
img0258.png,ZINC85220183,-11.07
img0259.png,ZINC41010091,-8.96
img0260.png,ZINC62786667,-10.4
img0261.png,ZINC40414306,-9.89
img0262.png,ZINC62802528,-11.95
img0263.png,ZINC40420121,-11.01
img0264.png,ZINC83968230,-10.44
img0265.png,ZINC94902814,-10.74
img0266.png,ZINC41010035,-12.04
img0267.png,ZINC37974076,-7.04
img0268.png,ZINC41010024,-10.29
img0269.png,ZINC40419300,-10.33
img0270.png,ZINC40419303,-9.82
img0271.png,ZINC03457158,-5.1
img0272.png,ZINC70168373,-9.81
img0273.png,ZINC40443881,-10.78
img0274.png,ZINC35163465,-9.86
img0275.png,ZINC70848952,-7.2
img0276.png,ZINC40999758,-10.59
img0277.png,ZINC11956037,-10.37
img0278.png,ZINC40999608,-9.5
img0279.png,ZINC70840242,-10.09
img0280.png,ZINC70840235,-10.2
img0281.png,ZINC62606603,-10.7
img0282.png,ZINC43388149,-9.33
img0283.png,ZINC95081697,-8.51
img0284.png,ZINC90249915,-10.75
img0285.png,ZINC52859455,-10.49
img0286.png,ZINC80813168,-11.31
img0287.png,ZINC80813173,-10.24
img0288.png,ZINC80811555,-10.12
img0289.png,ZINC80811550,-10.17
img0290.png,ZINC80802231,-10.48
img0291.png,ZINC80802229,-10.08
img0292.png,ZINC61036196,-6.84
img0293.png,ZINC86583995,-10.04
img0294.png,ZINC71998273,-7.21
img0295.png,ZINC03226972,-7.39
img0296.png,ZINC35154769,-9.41
img0297.png,ZINC11595606,-11.21
img0298.png,ZINC11595610,-10.5
img0299.png,ZINC40999612,-10.07
img0300.png,ZINC35154780,-9.97
img0301.png,ZINC94523913,-10.68
img0302.png,ZINC40999561,-9.03
img0303.png,ZINC42289033,-11.05
img0304.png,ZINC88567490,-9.39
img0305.png,ZINC94523914,-11.14
img0306.png,ZINC40999650,-10.04
img0307.png,ZINC43393120,-9.59
img0308.png,ZINC70842439,-11.38
img0309.png,ZINC70842443,-10.87
img0310.png,ZINC41009995,-10.65
img0311.png,ZINC00041653,-7.74
img0312.png,ZINC70840793,-10.01
img0313.png,ZINC70840791,-10.04
img0314.png,ZINC70842840,-6.1
img0315.png,ZINC37425015,-5.59
img0316.png,ZINC70842846,-6.98
img0317.png,ZINC62938236,-8.04
img0322.png,ZINC70840341,-10.6
img0323.png,ZINC40420365,-9.76
img0324.png,ZINC70840337,-10.79
img0325.png,ZINC40415667,-10.0
img0326.png,ZINC43393122,-10.38
img0327.png,ZINC40999686,-9.78
img0328.png,ZINC50597353,-10.83
img0329.png,ZINC04390716,-8.39
img0330.png,ZINC80803080,-10.85
img0331.png,ZINC46768234,-6.66
img0332.png,ZINC86583996,-11.11
img0333.png,ZINC80803076,-10.27
img0334.png,ZINC70842710,-10.5
img0335.png,ZINC70842598,-10.83
img0336.png,ZINC70842594,-11.37
img0337.png,ZINC41010017,-10.3
img0338.png,ZINC41010140,-10.0
img0339.png,ZINC70842716,-9.75
img0340.png,ZINC55266058,-9.06
img0341.png,ZINC02548372,-4.77
img0342.png,ZINC40999827,-10.64
img0344.png,ZINC40419371,-9.82
img0345.png,ZINC40419368,-10.97
img0346.png,ZINC41010077,-10.58
img0347.png,ZINC41010059,-11.51
img0348.png,ZINC20438871,-10.66
img0349.png,ZINC00352025,-7.7
img0350.png,ZINC00144793,-8.14
img0351.png,ZINC40420001,-9.5
img0352.png,ZINC06341451,-9.17
img0353.png,ZINC84149822,-11.06
img0356.png,ZINC71962178,-8.98
img0357.png,ZINC35163442,-10.06
img0358.png,ZINC35163458,-10.09
img0359.png,ZINC35163459,-9.62
img0360.png,ZINC40492857,-9.98
img0361.png,ZINC52903515,-9.05
img0362.png,ZINC02651894,-6.75
img0363.png,ZINC70840002,-10.2
img0364.png,ZINC70839998,-10.08
img0365.png,ZINC85633922,-10.09
img0366.png,ZINC61798271,-10.75
img0367.png,ZINC40999631,-9.02
img0368.png,ZINC76784719,-10.34
img0369.png,ZINC76784721,-9.43
img0370.png,ZINC62606392,-6.5
img0371.png,ZINC62938296,-7.93
img0372.png,ZINC40419234,-10.26
img0373.png,ZINC40419225,-10.68
img0374.png,ZINC41010108,-11.75
img0375.png,ZINC41010126,-11.61
img0376.png,ZINC80801921,-10.0
img0377.png,ZINC80801918,-10.69
img0378.png,ZINC80802689,-10.21
img0379.png,ZINC80802687,-10.23
img0380.png,ZINC61052840,-6.06
img0381.png,ZINC19779337,-6.65
img0382.png,ZINC40419326,-10.18
img0383.png,ZINC43389059,-10.56
img0384.png,ZINC70840478,-10.5
img0387.png,ZINC70840470,-10.62
img0388.png,ZINC40999622,-9.76
img0389.png,ZINC94902781,-10.56
img0390.png,ZINC70840782,-9.62
img0391.png,ZINC94902782,-11.13
img0392.png,ZINC70840788,-9.2
img0393.png,ZINC54418570,-14.5
img0394.png,ZINC05177788,-7.03
img0395.png,ZINC83251802,-6.09
img0399.png,ZINC11851501,-13.15
img0400.png,ZINC00158873,-6.11
img0401.png,ZINC01401158,-6.86
img0402.png,ZINC00159235,-9.97
img0403.png,ZINC61847354,-10.0
img0404.png,ZINC05931499,-5.48
img0405.png,ZINC11851496,-12.71
img0406.png,ZINC40999644,-9.78
img0407.png,ZINC43388151,-9.19
img0408.png,ZINC82516543,-9.37
img0409.png,ZINC40999563,-10.34
img0410.png,ZINC80803527,-10.14
img0411.png,ZINC80803530,-11.02
img0412.png,ZINC84427894,-12.24
img0413.png,ZINC90249917,-10.34
img0414.png,ZINC40887303,-6.61
img0415.png,ZINC40887258,-7.87
img0416.png,ZINC01401174,-6.69
img0417.png,ZINC40429828,-10.23
img0418.png,ZINC40999568,-10.14
img0419.png,ZINC41627782,-10.85
img0420.png,ZINC94523927,-10.71
img0421.png,ZINC35165135,-7.47
img0422.png,ZINC40999648,-9.5
img0423.png,ZINC70840116,-10.43
img0424.png,ZINC16678745,-5.32
img0425.png,ZINC70840122,-10.45
img0426.png,ZINC35163444,-9.18
img0427.png,ZINC35163463,-9.68
img0428.png,ZINC49754955,-9.01
img0429.png,ZINC49754067,-9.2
img0430.png,ZINC70842606,-11.13
img0431.png,ZINC49634171,-8.78
img0432.png,ZINC70842603,-10.38
img0433.png,ZINC40999771,-9.75
img0434.png,ZINC70840413,-11.34
img0435.png,ZINC70840409,-11.17
img0436.png,ZINC41010051,-9.91
img0437.png,ZINC40419264,-10.59
img0438.png,ZINC88832136,-11.77
img0439.png,ZINC00159228,-6.29
img0440.png,ZINC40999800,-9.09
img0441.png,ZINC94523930,-10.88
img0442.png,ZINC22332846,-9.51
img0443.png,ZINC01391492,-6.9
img0444.png,ZINC40999680,-10.27
img0445.png,ZINC43388152,-9.4
img0446.png,ZINC35163446,-9.73
img0447.png,ZINC70848948,-7.6
img0448.png,ZINC88870646,-11.7
img0451.png,ZINC00111307,-8.03
img0452.png,ZINC70840283,-10.33
img0453.png,ZINC70840278,-10.48
img0454.png,ZINC04089313,-10.66
img0455.png,ZINC86583997,-10.91
img0456.png,ZINC40999684,-9.83
img0457.png,ZINC43392657,-9.2
img0458.png,ZINC71548676,-10.71
img0459.png,ZINC80801825,-10.03
img0460.png,ZINC80801827,-9.26
img0461.png,ZINC62938349,-12.7
img0462.png,ZINC03348292,-7.55
img0463.png,ZINC40999586,-10.05
img0464.png,ZINC39419268,-6.42
img0465.png,ZINC00158877,-5.83
img0466.png,ZINC40999772,-9.54
img0467.png,ZINC43393126,-10.49
img0468.png,ZINC00109906,-6.16
img0469.png,ZINC41010100,-10.24
img0470.png,ZINC40414601,-10.65
img0471.png,ZINC35384836,-7.29
img0472.png,ZINC52859414,-6.48
img0473.png,ZINC40999569,-9.21
img0474.png,ZINC40999723,-10.72
img0475.png,ZINC41010072,-10.89
img0476.png,ZINC41010189,-9.8
img0477.png,ZINC43389060,-9.83
img0478.png,ZINC54418918,-14.84
img0479.png,ZINC00110944,-6.11
img0480.png,ZINC40999615,-9.09
img0481.png,ZINC70848536,-6.88
img0482.png,ZINC35163480,-10.0
img0483.png,ZINC35163419,-8.98
img0484.png,ZINC35163420,-10.05
img0487.png,ZINC70842625,-11.1
img0488.png,ZINC40419150,-10.07
img0489.png,ZINC70842622,-10.53
img0490.png,ZINC54418966,-15.22
img0491.png,ZINC70840975,-10.73
img0492.png,ZINC70840972,-9.94
img0493.png,ZINC40464602,-8.96
img0494.png,ZINC40464601,-9.48
img0495.png,ZINC49633651,-8.68
img0496.png,ZINC49753477,-8.55
img0497.png,ZINC49754424,-9.2
img0498.png,ZINC62606385,-6.01
img0499.png,ZINC00159231,-9.77
img0500.png,ZINC06579677,-10.03
img0501.png,ZINC40420293,-9.54
img0502.png,ZINC11956027,-10.23
img0503.png,ZINC05592336,-5.94
img0507.png,ZINC62792742,-7.17
img0508.png,ZINC35163424,-9.22
img0509.png,ZINC19723117,-6.6
img0510.png,ZINC00380876,-7.3
img0511.png,ZINC43389062,-9.81
img0512.png,ZINC80813225,-10.96
img0513.png,ZINC90249919,-10.81
img0514.png,ZINC80803774,-10.74
img0515.png,ZINC09751995,-7.13
img0516.png,ZINC86583952,-11.4
img0517.png,ZINC86583950,-11.2
img0518.png,ZINC40999667,-9.53
img0519.png,ZINC51596249,-10.66
img0520.png,ZINC62938472,-11.74
img0523.png,ZINC33727365,-7.47
img0524.png,ZINC40419338,-10.68
img0525.png,ZINC40419329,-10.3
img0526.png,ZINC35385950,-7.78
img0527.png,ZINC35385191,-6.0
img0528.png,ZINC04090437,-6.56
img0529.png,ZINC41010175,-10.47
img0530.png,ZINC41010157,-10.9
img0531.png,ZINC83942495,-5.61
img0532.png,ZINC35163439,-6.35
img0533.png,ZINC49753688,-10.04
img0534.png,ZINC70841150,-9.69
img0535.png,ZINC62786668,-9.71
img0536.png,ZINC76784467,-10.07
img0537.png,ZINC35163441,-6.75
img0538.png,ZINC49633851,-7.95
img0539.png,ZINC49754629,-8.94
img0540.png,ZINC70841145,-10.09
img0541.png,ZINC76784469,-10.79
img0542.png,ZINC32015113,-6.58
img0543.png,ZINC86642347,-9.63
img0546.png,ZINC35163466,-9.56
img0547.png,ZINC70840402,-9.19
img0548.png,ZINC70840398,-9.88
img0549.png,ZINC40999658,-9.17
img0550.png,ZINC52859411,-5.97
img0551.png,ZINC75793737,-10.39
img0552.png,ZINC75793738,-9.83
img0553.png,ZINC70304164,-14.05
img0554.png,ZINC94902815,-11.15
img0555.png,ZINC40999768,-10.57
img0556.png,ZINC40420180,-10.88
img0563.png,ZINC19944337,-14.26
img0567.png,ZINC12546573,-13.85
img0570.png,ZINC94523932,-10.63
img0571.png,ZINC88567477,-9.96
img0572.png,ZINC88567478,-11.22
img0575.png,ZINC91783944,-6.39
img0576.png,ZINC40999704,-9.45
img0577.png,ZINC04219189,-6.08
img0578.png,ZINC62606600,-6.38
img0579.png,ZINC70185936,-9.98
img0580.png,ZINC37715345,-15.2
img0581.png,ZINC35250240,-9.53
img0582.png,ZINC35163451,-10.12
img0583.png,ZINC35163433,-9.49
img0586.png,ZINC35163421,-9.09
img0589.png,ZINC11851502,-12.77
img0592.png,ZINC54468061,-9.82
img0593.png,ZINC54468063,-8.82
img0594.png,ZINC61847356,-10.34
img0595.png,ZINC65711887,-8.11
img0596.png,ZINC80802600,-10.03
img0597.png,ZINC80802604,-10.17
img0598.png,ZINC49422276,-7.44
img0599.png,ZINC03119153,-9.22
img0600.png,ZINC11956022,-9.8
img0601.png,ZINC01510275,-6.96
img0602.png,ZINC83546630,-10.41
img0603.png,ZINC70840253,-10.68
img0604.png,ZINC69501137,-10.18
img0605.png,ZINC40999694,-9.49
img0606.png,ZINC70840246,-10.61
img0607.png,ZINC62938387,-12.54
img0608.png,ZINC83942595,-5.59
img0609.png,ZINC11566543,-11.65
img0610.png,ZINC11566542,-11.46
img0611.png,ZINC40999556,-10.59
img0612.png,ZINC41010121,-11.17
img0613.png,ZINC77436112,-7.01
img0614.png,ZINC35386287,-7.23
img0615.png,ZINC70840547,-10.92
img0616.png,ZINC70840551,-10.9
img0617.png,ZINC87590125,-14.93
img0618.png,ZINC40429836,-9.02
img0619.png,ZINC94523934,-10.05
img0620.png,ZINC94523912,-10.44
img0621.png,ZINC94523911,-11.06
img0622.png,ZINC35154822,-9.46
img0623.png,ZINC36827738,-9.97
img0624.png,ZINC88195132,-9.49
img0625.png,ZINC88195131,-8.67
img0628.png,ZINC54111199,-13.71
img0629.png,ZINC35163443,-9.54
img0630.png,ZINC36827739,-9.54
img0631.png,ZINC35154820,-10.44
img0632.png,ZINC36912288,-7.86
img0633.png,ZINC88870652,-12.86
img0634.png,ZINC02569099,-6.31
img0635.png,ZINC02569102,-6.2
img0636.png,ZINC82880294,-6.68
img0637.png,ZINC43388154,-9.3
img0638.png,ZINC40999717,-10.3
img0639.png,ZINC88567492,-10.27
img0640.png,ZINC14193477,-9.62
img0641.png,ZINC06730013,-5.68
img0642.png,ZINC85708138,-11.08
img0643.png,ZINC49857636,-7.79
img0644.png,ZINC80803429,-10.87
img0645.png,ZINC80803427,-10.98
img0646.png,ZINC52903517,-9.52
img0647.png,ZINC40429822,-9.2
img0648.png,ZINC69434116,-9.2
img0649.png,ZINC36827748,-8.75
img0650.png,ZINC70840891,-10.2
img0651.png,ZINC70840898,-10.22
img0656.png,ZINC08235692,-9.83
img0657.png,ZINC19702677,-7.56
img0658.png,ZINC11755531,-10.52
img0659.png,ZINC84149821,-11.19
img0660.png,ZINC00405650,-7.12
img0661.png,ZINC83546637,-10.05
img0662.png,ZINC40999721,-9.89
img0663.png,ZINC62938337,-12.67
img0664.png,ZINC43392659,-9.15
img0665.png,ZINC00113988,-8.1
img0666.png,ZINC19723118,-6.49
img0667.png,ZINC00111312,-7.62
img0668.png,ZINC44676022,-7.3
img0669.png,ZINC76784257,-10.77
img0672.png,ZINC80803054,-9.82
img0673.png,ZINC80803051,-10.92
img0674.png,ZINC35385232,-5.88
img0675.png,ZINC23253647,-15.15
img0676.png,ZINC20221711,-14.18
img0680.png,ZINC70304038,-14.08
img0681.png,ZINC76784258,-10.24
img0682.png,ZINC49857638,-8.54
img0683.png,ZINC03242449,-6.77
img0684.png,ZINC76784453,-9.75
img0685.png,ZINC76784451,-10.33
img0686.png,ZINC41010149,-10.84
img0687.png,ZINC41009979,-10.31
img0688.png,ZINC40414420,-10.44
img0689.png,ZINC65533891,-6.94
img0690.png,ZINC61798256,-9.95
img0691.png,ZINC11851479,-12.44
img0692.png,ZINC84122892,-11.09
img0693.png,ZINC62938355,-10.97
img0694.png,ZINC11755524,-11.09
img0695.png,ZINC11755515,-10.52
img0696.png,ZINC11851481,-12.69
img0697.png,ZINC11755519,-9.9
img0698.png,ZINC55266060,-8.82
img0699.png,ZINC40999651,-9.17
img0700.png,ZINC36827733,-6.88
img0701.png,ZINC35163461,-10.21
img0702.png,ZINC36893226,-5.35
img0705.png,ZINC04390704,-8.97
img0706.png,ZINC00138069,-9.81
img0707.png,ZINC20414099,-9.68
img0708.png,ZINC43392661,-9.16
img0709.png,ZINC01572760,-9.82
img0710.png,ZINC00158874,-5.37
img0711.png,ZINC70839968,-11.08
img0712.png,ZINC70304040,-13.27
img0713.png,ZINC94902816,-9.96
img0714.png,ZINC41410483,-5.74
img0715.png,ZINC41009947,-11.25
img0718.png,ZINC76784819,-9.92
img0719.png,ZINC76784821,-10.94
img0720.png,ZINC76784822,-10.46
img0721.png,ZINC76784825,-10.8
img0722.png,ZINC76784826,-10.61
img0723.png,ZINC76784828,-9.63
img0724.png,ZINC80803067,-10.04
img0725.png,ZINC19944344,-14.6
img0726.png,ZINC49825572,-8.78
img0727.png,ZINC80803064,-10.7
img0728.png,ZINC70840850,-10.6
img0729.png,ZINC70840846,-10.35
img0730.png,ZINC70839973,-11.03
img0731.png,ZINC41010004,-10.44
img0732.png,ZINC80802219,-11.9
img0733.png,ZINC11851562,-11.93
img0734.png,ZINC80802220,-11.31
img0735.png,ZINC14193512,-9.34
img0736.png,ZINC23424867,-10.31
img0737.png,ZINC80802994,-9.2
img0738.png,ZINC56296088,-6.79
img0739.png,ZINC83862425,-10.25
img0740.png,ZINC90249920,-10.58
img0741.png,ZINC78975305,-5.27
img0742.png,ZINC83862428,-11.19
img0743.png,ZINC80802992,-9.92
img0744.png,ZINC43389064,-10.3
img0745.png,ZINC61847358,-9.55
img0746.png,ZINC61798207,-6.58
img0747.png,ZINC37985035,-9.9
img0748.png,ZINC35163479,-9.8
img0749.png,ZINC35163478,-8.12
img0750.png,ZINC35163427,-6.6
img0751.png,ZINC45598289,-13.42
img0752.png,ZINC35161635,-10.47
img0753.png,ZINC81046467,-10.16
img0754.png,ZINC81046468,-9.72
img0755.png,ZINC88454822,-8.6
img0756.png,ZINC11568397,-10.35
img0757.png,ZINC11595465,-9.93
img0758.png,ZINC04323645,-7.33
img0759.png,ZINC11595468,-10.53
img0760.png,ZINC11568396,-10.21
img0761.png,ZINC40999687,-9.4
img0762.png,ZINC70840755,-9.61
img0763.png,ZINC70840761,-9.76
img0764.png,ZINC25666252,-6.78
img0765.png,ZINC61798268,-11.86
img0766.png,ZINC07845411,-6.61
img0767.png,ZINC51596251,-9.71
img0768.png,ZINC62791417,-5.34
img0769.png,ZINC41324123,-6.32
img0770.png,ZINC14193478,-9.94
img0771.png,ZINC62786669,-10.35
img0772.png,ZINC49826398,-9.71
img0773.png,ZINC35386330,-6.64
img0774.png,ZINC15015004,-6.69
img0775.png,ZINC87590112,-14.73
img0776.png,ZINC40420000,-11.11
img0777.png,ZINC49825573,-9.03
img0778.png,ZINC40473708,-7.11
img0779.png,ZINC40999794,-10.46
img0780.png,ZINC94902817,-10.48
img0781.png,ZINC04245342,-5.64
img0782.png,ZINC01718645,-6.46
img0783.png,ZINC19779225,-4.87
img0784.png,ZINC00073592,-7.9
img0785.png,ZINC11851559,-12.05
img0786.png,ZINC62802529,-10.6
img0787.png,ZINC36827734,-7.92
img0788.png,ZINC49127568,-9.64
img0789.png,ZINC70842974,-6.86
img0790.png,ZINC70842966,-6.48
img0791.png,ZINC52207998,-9.55
img0792.png,ZINC49127571,-9.87
img0793.png,ZINC35163475,-9.58
img0794.png,ZINC70840029,-9.91
img0795.png,ZINC70840033,-10.27
img0796.png,ZINC02647760,-5.66
img0797.png,ZINC11756031,-10.19
img0798.png,ZINC51596253,-9.77
img0799.png,ZINC40999740,-9.78
img0800.png,ZINC80803700,-9.92
img0801.png,ZINC61056982,-6.09
img0802.png,ZINC80803702,-10.77
img0803.png,ZINC90249889,-10.51
img0804.png,ZINC90249890,-10.85
img0805.png,ZINC36893366,-6.49
img0806.png,ZINC22167620,-5.65
img0807.png,ZINC88870610,-10.51
img0808.png,ZINC82880829,-6.71
img0811.png,ZINC59612010,-5.76
img0812.png,ZINC88552695,-10.47
img0813.png,ZINC70840231,-11.58
img0814.png,ZINC70840226,-11.33
img0815.png,ZINC40999763,-10.74
img0816.png,ZINC40420363,-9.72
img0817.png,ZINC80803391,-10.61
img0818.png,ZINC80803395,-12.19
img0819.png,ZINC23253563,-14.04
img0820.png,ZINC62786670,-9.86
img0821.png,ZINC70840615,-10.34
img0822.png,ZINC70840611,-10.65
img0823.png,ZINC21952696,-6.54
img0824.png,ZINC84192689,-6.08
img0825.png,ZINC62938235,-8.18
img0826.png,ZINC36827735,-10.7
img0827.png,ZINC88832156,-12.24
img0828.png,ZINC35163490,-8.27
img0829.png,ZINC40999760,-10.74
img0830.png,ZINC15832399,-7.07
img0831.png,ZINC50308763,-5.31
img0832.png,ZINC11632135,-6.09
img0833.png,ZINC80802003,-9.69
img0834.png,ZINC40999731,-9.74
img0835.png,ZINC80801999,-9.65
img0836.png,ZINC35163418,-5.66
img0837.png,ZINC41010170,-10.44
img0838.png,ZINC14193513,-10.56
img0839.png,ZINC87589974,-14.66
img0840.png,ZINC49826400,-9.37
img0841.png,ZINC85220197,-7.7
img0842.png,ZINC40999605,-9.64
img0843.png,ZINC37974104,-7.39
img0844.png,ZINC50105683,-8.43
img0845.png,ZINC76784241,-9.33
img0846.png,ZINC11851494,-10.76
img0847.png,ZINC90290472,-14.37
img0848.png,ZINC90292053,-14.28
img0849.png,ZINC76784243,-9.17
img0850.png,ZINC76784486,-9.88
img0851.png,ZINC76784488,-10.66
img0852.png,ZINC04207441,-5.57
img0853.png,ZINC94523936,-10.27
img0854.png,ZINC11568395,-10.41
img0855.png,ZINC11568394,-9.94
img0856.png,ZINC71081175,-14.2
img0857.png,ZINC94523929,-10.54
img0858.png,ZINC32642474,-5.44
